marché;UT;sens;date d'entrée (UTC);date de clôture (UTC);prix entrée;prix sortie;sortie;R
NAS100;5;BUY;2019-02-08 00:30;2019-02-08 01:10;6883.069;6875.90061;SL;-1.209
NAS100;15;BUY;2019-02-08 03:15;2019-02-08 04:30;6866.47;6859.24801;SL;-1.208
NAS100;5;BUY;2019-06-26 04:55;2019-06-30 22:05;7594.959;7789.77;TP2;18.074
NAS100;15;SELL;2019-08-14 04:45;2019-08-19 13:30;7730.97;7727.97;TP1 puis BE;0.551
NAS100;5;BUY;2019-09-16 01:50;2019-09-16 12:05;7789.07;7843.57;TP2;3.905
NAS100;15;SELL;2019-10-04 12:30;2019-10-04 12:30;7648.959;7661.17301;SL;-1.123
NAS100;15;SELL;2020-01-29 08:15;2020-01-29 08:15;9125.97;9130.58379;SL;-1.325
NAS100;5;BUY;2020-06-12 18:40;2020-06-14 22:00;9566.41;9522.12;SL;-1.163
NAS100;15;BUY;2020-06-15 02:30;2020-06-15 04:45;9569.07;9536.97771;SL;-1.047
NAS100;15;BUY;2021-01-13 12:45;2021-01-13 15:30;12849.939;12969.209;TP2;2.328
NAS100;15;BUY;2021-02-23 08:15;2021-02-23 09:00;13252.589;13206.39142;SL;-1.032
NAS100;5;SELL;2021-02-25 01:15;2021-02-25 01:25;13309.109;13327.33035;SL;-1.082
NAS100;5;SELL;2021-03-11 12:20;2021-03-11 12:45;12973.839;12990.24417;SL;-1.091
NAS100;15;SELL;2021-03-11 14:00;2021-03-11 14:30;12982.067;12979.067;TP1 puis BE;0.612
NAS100;5;SELL;2021-10-07 13:35;2021-10-07 13:45;14948.139;14945.139;TP1 puis BE;1.085
NAS100;15;SELL;2021-10-07 15:30;2021-10-07 15:45;14983.689;15003.77154;SL;-1.075
NAS100;5;BUY;2021-11-23 11:10;2021-11-23 14:30;16308.829;16311.829;TP1 puis BE;1.237
NAS100;15;BUY;2021-11-23 12:30;2021-11-23 14:15;16328.329;16331.329;TP1 puis BE;0.783
NAS100;15;SELL;2021-12-16 02:15;2021-12-16 04:15;16300.719;16321.36968;SL;-1.073
NAS100;5;SELL;2021-12-16 04:05;2021-12-16 05:30;16319.899;16331.45411;SL;-1.13
NAS100;15;SELL;2022-02-01 03:15;2022-02-01 06:00;14882.519;14900.35742;SL;-1.084
NAS100;15;SELL;2022-03-01 14:30;2022-03-02 18:00;14254.579;14251.579;TP1 puis BE;2.062
NAS100;5;BUY;2022-08-19 17:10;2022-08-19 17:25;13262.099;13245.82105;SL;-1.092
NAS100;5;BUY;2022-10-19 19:00;2022-10-19 22:55;11045.789;11048.789;TP1 puis BE;0.624
NAS100;15;BUY;2022-10-20 00:30;2022-10-20 00:30;11041.869;11021.32417;SL;-1.073
NAS100;5;SELL;2023-03-06 07:45;2023-03-06 13:20;12338.309;12335.309;TP1 puis BE;3.23
NAS100;5;BUY;2023-08-02 19:25;2023-08-03 06:50;15354.589;15324.92729;SL;-1.051
NAS100;5;BUY;2023-08-03 08:30;2023-08-03 12:15;15288.369;15291.369;TP1 puis BE;0.647
NAS100;15;BUY;2023-08-03 12:00;2023-08-03 13:15;15302.609;15264.95476;SL;-1.04
NAS100;5;SELL;2023-11-02 14:20;2023-11-02 14:25;14828.829;14851.63868;SL;-1.066
NAS100;5;BUY;2023-11-30 18:05;2023-11-30 18:05;15847.969;15838.23467;SL;-1.154
NAS100;5;SELL;2024-01-10 23:25;2024-01-11 00:45;16815.089;16830.08323;SL;-1.1
NAS100;15;SELL;2024-02-02 08:30;2024-02-02 08:30;17509.976;17518.21572;SL;-1.182
NAS100;5;BUY;2024-02-13 17:55;2024-02-13 19:00;17602.331;17574.45499;SL;-1.054
NAS100;5;SELL;2024-06-05 11:25;2024-06-05 11:30;18735.865;18747.59805;SL;-1.128
NAS100;5;BUY;2024-06-25 00:55;2024-06-27 13:35;19482.565;19814.086;TP2;7.85
NAS100;15;BUY;2024-06-25 07:00;2024-06-25 07:30;19499.542;19473.64204;SL;-1.058
NAS100;5;SELL;2024-08-12 10:40;2024-08-12 12:25;18569.509;18584.79733;SL;-1.098
NAS100;15;SELL;2024-08-12 14:00;2024-08-12 14:15;18491.599;18567.2274;SL;-1.02
NAS100;15;SELL;2024-12-26 16:30;2024-12-26 17:15;21800.454;21839.73339;SL;-1.038
NAS100;5;BUY;2025-08-01 06:25;2025-08-01 06:30;23142.343;23127.60069;SL;-1.102
NAS100;15;SELL;2025-08-05 10:00;2025-08-05 12:00;23244.887;23281.72523;SL;-1.041
NAS100;5;SELL;2026-03-23 12:40;2026-03-29 22:00;24331;22981.066;TP2;6.79
NAS100;5;SELL;2026-06-25 11:00;2026-06-25 12:30;29885.821;29882.821;TP1 puis BE;0.718
NAS100;15;SELL;2026-06-25 11:45;2026-06-25 12:30;29841.109;29880.35543;SL;-1.038
NAS100;5;SELL;2026-06-30 20:05;2026-07-08 08:25;30264.697;28865.171;TP2;13.554
NAS100;5;SELL;2026-07-09 20:05;2026-07-10 03:00;29748.219;29745.219;TP1 puis BE;2.883
NAS100;15;SELL;2026-07-10 01:30;2026-07-10 03:00;29691.402;29750.7505;SL;-1.025
NAS100;5;SELL;2026-08-25 11:45;2026-08-25 13:45;29302.797;29334.48021;SL;-1.047